Altitud, superfície i població. Municipis
2019
"Font: Institut Cartogràfic de Catalunya; Idescat. Padró municipal d'habitants."
Institut d'Estadística de Catalunya
https://www.idescat.cat/indicadors/?id=aec&n=15903&t=201900
Municipi;Comarca;Codi;Altitud  (m);Superfície  (km²);Població
Abella de la Conca;Pallars Jussà;250019;956;78,27;179
Abrera;Baix Llobregat;080018;105;19,94;12489
Àger;Noguera;250024;642;160,57;588
Agramunt;Urgell;250030;337;79,65;5371
Aguilar de Segarra;Bages;080023;480;43,32;288
Agullana;Alt Empordà;170010;166;27,73;831
Aiguafreda;Vallès Oriental;080142;404;7,90;2504
Aiguamúrcia;Alt Camp;430017;314;72,95;901
Aiguaviva;Gironès;170025;169;13,92;756
Aitona;Segrià;250387;110;66,90;2591
Alamús, els;Segrià;250045;212;20,53;819
Alàs i Cerc;Alt Urgell;250058;768;57,67;329
Albagés, l';Garrigues;250061;372;25,70;369
Albanyà;Alt Empordà;170031;239;94,39;157
Albatàrrec;Segrià;250077;147;10,46;2221
Albesa;Noguera;250083;237;37,61;1556
Albi, l';Garrigues;250096;526;32,54;764
Albinyana;Baix Penedès;430022;198;19,37;2438
Albiol, l';Baix Camp;430038;823;20,34;485
Albons;Baix Empordà;170046;25;11,13;776
Alcanar;Montsià;430043;72;47,07;9418
Alcanó;Segrià;250100;214;21,03;235
Alcarràs;Segrià;250117;137;114,29;9514
Alcoletge;Segrià;250122;213;16,70;3420
Alcover;Alt Camp;430056;243;46,00;5064
Aldea, l';Baix Ebre;439044;9;35,21;4160
Aldover;Baix Ebre;430069;14;20,20;882
Aleixar, l';Baix Camp;430075;262;26,10;873
Alella;Maresme;080039;90;9,58;9801
Alfara de Carles;Baix Ebre;430081;334;63,87;377
Alfarràs;Segrià;250138;281;11,40;2797
Alfés;Segrià;250143;236;31,94;312
Alforja;Baix Camp;430094;374;38,24;1801
Algerri;Noguera;250156;345;54,32;386
Alguaire;Segrià;250169;304;50,11;2971
Alins;Pallars Sobirà;250175;1048;183,19;276
Alió;Alt Camp;430108;263;7,25;439
Almacelles;Segrià;250194;247;49,03;6791
Almatret;Segrià;250208;462;56,83;307
Almenar;Segrià;250215;329;66,59;3398
Almoster;Baix Camp;430115;290;5,96;1351
Alòs de Balaguer;Noguera;250220;297;69,08;130
Alp;Cerdanya;170062;1158;44,29;1580
Alpens;Osona;080044;855;13,80;266
Alpicat;Segrià;250236;264;15,33;6255
Alt Àneu;Pallars Sobirà;250241;1076;217,76;405
Altafulla;Tarragonès;430120;52;6,95;5243
Amer;Selva;170078;186;40,08;2298
Ametlla de Mar, l';Baix Ebre;430136;19;66,86;6787
Ametlla del Vallès, l';Vallès Oriental;080057;281;14,24;8462
Ampolla, l';Baix Ebre;439060;8;35,65;3205
Amposta;Montsià;430141;8;138,31;20738
Anglès;Selva;170084;181;16,31;5599
Anglesola;Urgell;250273;335;23,53;1363
Arbeca;Garrigues;250292;332;58,34;2144
Arboç, l';Baix Penedès;430167;166;14,13;5517
Arbolí;Baix Camp;430154;714;20,78;137
Arbúcies;Selva;170097;291;86,22;6556
Arenys de Mar;Maresme;080060;10;6,75;15776
Arenys de Munt;Maresme;080076;121;21,29;8931
Argelaguer;Garrotxa;170101;183;12,54;397
Argençola;Anoia;080082;716;47,09;217
Argentera, l';Baix Camp;430173;344;10,12;124
Argentona;Maresme;080095;88;25,40;12452
Armentera, l';Alt Empordà;170118;7;5,60;930
Arnes;Terra Alta;430189;506;42,97;455
Arres;Val d'Aran;250313;1224;11,57;65
Arsèguel;Alt Urgell;250328;950;10,59;84
Artés;Bages;080109;316;17,87;5698
Artesa de Lleida;Segrià;250334;202;23,94;1504
Artesa de Segre;Noguera;250349;318;175,90;3432
Ascó;Ribera d'Ebre;430192;70;73,63;1660
Aspa;Segrià;250365;256;10,21;224
Avellanes i Santa Linya, les;Noguera;250371;567;102,96;449
Avià;Berguedà;080116;677;27,23;2226
Avinyó;Bages;080121;353;63,23;2275
Avinyonet de Puigventós;Alt Empordà;170123;70;12,30;1610
Avinyonet del Penedès;Alt Penedès;080137;280;29,13;1701
Badalona;Barcelonès;080155;6;21,18;220440
Badia del Vallès;Vallès Occidental;089045;120;0,93;13380
Bagà;Berguedà;080168;785;43,13;2138
Baix Pallars;Pallars Sobirà;250390;591;129,41;335
Balaguer;Noguera;250404;233;57,32;17162
Balenyà;Osona;080174;587;17,37;3821
Balsareny;Bages;080180;327;36,91;3159
Banyeres del Penedès;Baix Penedès;430206;173;12,19;3170
Banyoles;Pla de l'Estany;170157;172;11,05;19826
Barbens;Pla d'Urgell;250411;283;7,56;878
Barberà de la Conca;Conca de Barberà;430213;475;26,60;473
Barberà del Vallès;Vallès Occidental;082520;146;8,31;33091
Barcelona;Barcelonès;080193;9;101,35;1636762
Baronia de Rialb, la;Noguera;250426;388;145,08;237
Bàscara;Alt Empordà;170160;66;17,50;1004
Bassella;Alt Urgell;250447;423;70,25;224
Batea;Terra Alta;430228;376;128,41;1890
Bausen;Val d'Aran;250450;931;17,72;58
Begues;Baix Llobregat;080207;399;50,44;7098
Begur;Baix Empordà;170139;200;20,66;3925
Belianes;Urgell;250463;373;15,69;525
Bellaguarda;Garrigues;251706;640;17,14;287
Bellcaire d'Empordà;Baix Empordà;170182;35;12,64;693
Bellcaire d'Urgell;Noguera;250479;267;31,38;1230
Bell-lloc d'Urgell;Pla d'Urgell;250485;196;34,92;2315
Bellmunt d'Urgell;Noguera;250498;379;5,11;185
Bellmunt del Priorat;Priorat;430234;261;8,86;280
Bellprat;Anoia;080214;653;30,97;64
Bellpuig;Urgell;250501;308;34,98;5133
Bellvei;Baix Penedès;430249;108;8,27;2203
Bellver de Cerdanya;Cerdanya;250518;1061;98,15;1937
Bellvís;Pla d'Urgell;250523;207;46,70;2255
Benavent de Segrià;Segrià;250539;234;7,43;1499
Benifallet;Baix Ebre;430252;19;62,42;739
Benissanet;Ribera d'Ebre;430265;26;23,06;1161
Berga;Berguedà;080229;704;22,57;16494
Besalú;Garrotxa;170195;151;4,93;2492
Bescanó;Gironès;170209;102;35,92;4960
Beuda;Garrotxa;170216;338;35,91;190
Bigues i Riells;Vallès Oriental;080235;307;28,64;9092
Biosca;Segarra;250557;455;66,21;176
Bisbal d'Empordà, la;Baix Empordà;170221;39;20,62;10974
Bisbal de Falset, la;Priorat;430271;372;14,14;216
Bisbal del Penedès, la;Baix Penedès;430287;189;32,54;3528
Biure;Alt Empordà;172348;81;10,02;232
Blancafort;Conca de Barberà;430290;428;14,48;389
Blanes;Selva;170237;13;17,66;39028
Boadella i les Escaules;Alt Empordà;170293;82;10,78;252
Bolvir;Cerdanya;170242;1145;10,34;369
Bonastre;Baix Penedès;430304;177;24,97;688
Bòrdes, Es;Val d'Aran;250576;852;21,44;259
Bordils;Gironès;170255;42;7,32;1779
Borges Blanques, les;Garrigues;250582;304;61,55;6087
Borges del Camp, les;Baix Camp;430311;238;8,24;2037
Borrassà;Alt Empordà;170268;73;9,45;714
Borredà;Berguedà;080240;854;43,45;445
Bossòst;Val d'Aran;250595;710;28,17;1109
Bot;Terra Alta;430326;286;34,94;573
Botarell;Baix Camp;430332;196;11,95;1068
Bovera;Garrigues;250560;297;31,12;247
Bràfim;Alt Camp;430347;236;6,42;692
Breda;Selva;170274;169;5,02;3740
Bruc, el;Anoia;080253;489;47,20;2050
Brull, el;Osona;080266;843;41,03;263
Brunyola i Sant Martí Sapresa;Selva;170280;247;36,82;383
Cabacés;Priorat;430350;358;31,27;298
Cabanabona;Noguera;250609;421;14,16;75
Cabanelles;Alt Empordà;170314;194;55,58;279
Cabanes;Alt Empordà;170307;26;15,02;948
Cabanyes, les;Alt Penedès;080272;252;1,15;964
Cabó;Alt Urgell;250616;768;80,33;92
Cabra del Camp;Alt Camp;430363;493;26,95;1163
Cabrera d'Anoia;Anoia;080288;299;17,00;1410
Cabrera de Mar;Maresme;080291;104;8,98;4680
Cabrils;Maresme;080305;147;7,05;7439
Cadaqués;Alt Empordà;170329;23;26,43;2712
Calaf;Anoia;080312;680;9,22;3535
Calafell;Baix Penedès;430379;67;20,38;26538
Calders;Moianès;080348;552;33,09;970
Caldes d'Estrac;Maresme;080327;33;0,88;2982
Caldes de Malavella;Selva;170335;84;57,33;7641
Caldes de Montbui;Vallès Oriental;080333;203;37,45;17554
Calella;Maresme;080351;5;8,00;19069
Calldetenes;Osona;080370;489;5,80;2489
Callús;Bages;080386;260;12,50;2140
Calonge de Segarra;Anoia;080364;688;37,15;188
Calonge i Sant Antoni;Baix Empordà;170340;22;33,57;11092
Camarasa;Noguera;250621;321;157,13;817
Camarles;Baix Ebre;439039;13;25,16;3224
Cambrils;Baix Camp;430385;24;35,21;33898
Camós;Pla de l'Estany;170353;168;15,66;693
Campdevànol;Ripollès;170366;738;32,62;3223
Campelles;Ripollès;170372;1303;18,64;139
Campins;Vallès Oriental;080399;321;7,29;529
Campllong;Gironès;170388;113;8,59;547
Camprodon;Ripollès;170391;947;103,38;2281
Canejan;Val d'Aran;250637;906;48,32;107
Canet d'Adri;Gironès;170405;217;44,41;723
Canet de Mar;Maresme;080403;15;5,56;14526
Canonja, la;Tarragonès;439076;50;7,32;5893
Canovelles;Vallès Oriental;080410;175;6,66;16629
Cànoves i Samalús;Vallès Oriental;080425;346;29,19;3117
Cantallops;Alt Empordà;170412;200;19,62;313
Canyelles;Garraf;080431;142;14,23;4647
Capafonts;Baix Camp;430398;751;13,35;121
Capçanes;Priorat;430402;223;22,49;398
Capellades;Anoia;080446;317;2,94;5293
Capmany;Alt Empordà;170427;107;26,40;613
Capolat;Berguedà;080459;1279;34,13;94
Cardedeu;Vallès Oriental;080462;193;12,10;18357
Cardona;Bages;080478;507;66,70;4636
Carme;Anoia;080484;351;11,68;765
Caseres;Terra Alta;430419;324;42,90;259
Cassà de la Selva;Gironès;170448;137;45,21;10380
Casserres;Berguedà;080497;611;29,46;1608
Castell de l'Areny;Berguedà;080575;954;24,35;68
Castell de Mur;Pallars Jussà;259046;532;62,42;183
Castellar de la Ribera;Solsonès;250642;657;60,19;134
Castellar de n'Hug;Berguedà;080522;1395;47,12;159
Castellar del Riu;Berguedà;080500;920;32,74;169
Castellar del Vallès;Vallès Occidental;080517;331;44,91;24187
Castellbell i el Vilar;Bages;080538;178;28,47;3647
Castellbisbal;Vallès Occidental;080543;132;31,03;12390
Castellcir;Moianès;080556;773;34,18;752
Castelldans;Garrigues;250674;353;65,10;960
Castelldefels;Baix Llobregat;080569;3;12,87;67004
Castellet i la Gornal;Alt Penedès;080581;137;47,48;2292
Castellfollit de la Roca;Garrotxa;170464;296;0,73;961
Castellfollit de Riubregós;Anoia;080608;467;26,21;151
Castellfollit del Boix;Bages;080594;700;58,90;436
Castellgalí;Bages;080615;266;17,21;2062
Castellnou de Bages;Bages;080620;469;29,16;1397
Castellnou de Seana;Pla d'Urgell;250680;269;16,11;683
Castelló d'Empúries;Alt Empordà;170470;17;42,30;10906
Castelló de Farfanya;Noguera;250693;358;52,62;536
Castellolí;Anoia;080636;415;25,28;619
Castell-Platja d'Aro;Baix Empordà;170486;5;21,75;10860
Castellserà;Urgell;250707;267;15,84;1003
Castellterçol;Moianès;080641;726;31,90;2463
Castellvell del Camp;Baix Camp;430424;219;5,21;2857
Castellví de la Marca;Alt Penedès;080654;198;28,40;1535
Castellví de Rosanes;Baix Llobregat;080667;178;16,38;1884
Catllar, el;Tarragonès;430430;59;26,43;4451
Cava;Alt Urgell;250714;1335;42,19;47
Cellera de Ter, la;Selva;171899;166;14,63;1946
Celrà;Gironès;170499;71;19,53;5452
Centelles;Osona;080673;496;15,18;7404
Cercs;Berguedà;082687;650;47,35;1145
Cerdanyola del Vallès;Vallès Occidental;082665;82;30,56;57403
Cervelló;Baix Llobregat;080689;122;24,10;9054
Cervera;Segarra;250729;548;55,19;9180
Cervià de les Garrigues;Garrigues;250735;444;34,20;640
Cervià de Ter;Gironès;170502;45;9,90;968
Cistella;Alt Empordà;170519;130;25,55;282
Ciutadilla;Urgell;250740;519;17,03;208
Clariana de Cardener;Solsonès;250753;500;40,78;157
Cogul, el;Garrigues;250766;279;17,51;158
Colera;Alt Empordà;170545;10;24,35;448
Coll de Nargó;Alt Urgell;250772;573;151,41;550
Collbató;Baix Llobregat;080692;388;18,07;4466
Colldejou;Baix Camp;430458;431;14,48;176
Collsuspina;Moianès;080706;901;15,06;342
Colomers;Baix Empordà;170558;41;4,35;176
Coma i la Pedra, la;Solsonès;251636;1004;60,62;265
Conca de Dalt;Pallars Jussà;251615;507;166,48;418
Conesa;Conca de Barberà;430461;705;29,02;103
Constantí;Tarragonès;430477;81;30,87;6540
Copons;Anoia;080713;432;18,66;310
Corbera d'Ebre;Terra Alta;430483;337;53,09;1016
Corbera de Llobregat;Baix Llobregat;080728;342;18,41;14822
Corbins;Segrià;250788;211;21,01;1444
Corçà;Baix Empordà;170577;43;16,29;1267
Cornellà de Llobregat;Baix Llobregat;080734;27;6,99;88592
Cornellà del Terri;Pla de l'Estany;170561;96;27,71;2364
Cornudella de Montsant;Priorat;430496;533;63,50;941
Creixell;Tarragonès;430509;48;10,46;3642
Crespià;Pla de l'Estany;170583;138;11,38;246
Cruïlles, Monells i Sant Sadurní de l'Heura;Baix Empordà;179011;110;99,84;1279
Cubelles;Garraf;080749;12;13,49;15329
Cubells;Noguera;250791;499;39,17;343
Cunit;Baix Penedès;430516;10;9,74;12952
Darnius;Alt Empordà;170600;193;34,93;546
Das;Cerdanya;170617;1219;14,58;253
Deltebre;Baix Ebre;439018;6;107,44;11482
Dosrius;Maresme;080752;147;40,73;5481
Duesaigües;Baix Camp;430537;268;13,58;245
Escala, l';Alt Empordà;170622;14;16,31;10339
Esparreguera;Baix Llobregat;080765;187;27,40;22251
Espinelves;Osona;170638;752;17,43;215
Espluga Calba, l';Garrigues;250812;434;21,53;341
Espluga de Francolí, l';Conca de Barberà;430542;411;56,97;3755
Esplugues de Llobregat;Baix Llobregat;080771;110;4,60;46680
Espolla;Alt Empordà;170643;124;43,55;416
Esponellà;Pla de l'Estany;170656;142;16,06;438
Espot;Pallars Sobirà;250827;1318;97,30;364
Espunyola, l';Berguedà;080787;803;35,46;254
Esquirol, l';Osona;082541;693;61,80;2181
Estamariu;Alt Urgell;250886;1084;21,16;118
Estany, l';Moianès;080790;870;10,25;406
Estaràs;Segarra;250851;596;20,99;162
Esterri d'Àneu;Pallars Sobirà;250864;957;8,49;772
Esterri de Cardós;Pallars Sobirà;250870;1212;16,55;70
Falset;Priorat;430555;364;31,62;2834
Far d'Empordà, el;Alt Empordà;170059;44;9,00;599
Farrera;Pallars Sobirà;250899;1294;61,87;116
Fatarella, la;Terra Alta;430568;487;56,52;941
Febró, la;Baix Camp;430574;754;16,08;40
Figaró-Montmany;Vallès Oriental;081347;330;14,99;1114
Fígols;Berguedà;080804;1154;29,31;42
Fígols i Alinyà;Alt Urgell;259084;602;101,80;252
Figuera, la;Priorat;430580;576;18,69;111
Figueres;Alt Empordà;170669;39;19,30;46654
Figuerola del Camp;Alt Camp;430593;474;22,72;320
Flaçà;Gironès;170675;34;6,53;1093
Flix;Ribera d'Ebre;430607;47;116,90;3408
Floresta, la;Garrigues;250925;316;5,46;147
Fogars de la Selva;Selva;080826;45;32,12;1451
Fogars de Montclús;Vallès Oriental;080811;386;39,72;470
Foixà;Baix Empordà;170681;85;18,80;297
Folgueroles;Osona;080832;552;10,47;2267
Fondarella;Pla d'Urgell;250931;243;5,43;784
Fonollosa;Bages;080847;525;51,67;1453
Fontanals de Cerdanya;Cerdanya;170694;1180;28,65;444
Fontanilles;Baix Empordà;170708;29;9,28;139
Fontcoberta;Pla de l'Estany;170715;207;17,28;1468
Font-rubí;Alt Penedès;080850;319;37,42;1327
Foradada;Noguera;250946;455;28,55;186
Forallac;Baix Empordà;179026;51;50,63;1687
Forès;Conca de Barberà;430614;866;16,03;43
Fornells de la Selva;Gironès;170736;102;11,86;2650
Fortià;Alt Empordà;170741;8;10,76;763
Franqueses del Vallès, les;Vallès Oriental;080863;181;29,14;20092
Freginals;Montsià;430629;126;17,59;346
Fuliola, la;Urgell;250962;275;11,05;1248
Fulleda;Garrigues;250978;581;16,18;85
Gaià;Bages;080902;481;39,48;175
Galera, la;Montsià;430635;112;27,47;731
Gallifa;Vallès Occidental;080879;502;16,33;172
Gandesa;Terra Alta;430640;363;71,15;3064
Garcia;Ribera d'Ebre;430653;73;52,37;527
Garidells, els;Alt Camp;430666;132;3,07;187
Garriga, la;Vallès Oriental;080885;252;18,80;16514
Garrigàs;Alt Empordà;170754;101;19,89;437
Garrigoles;Baix Empordà;170767;92;9,40;162
Garriguella;Alt Empordà;170773;56;21,01;855
Gavà;Baix Llobregat;080898;9;30,75;46771
Gavet de la Conca;Pallars Jussà;250984;421;90,90;261
Gelida;Alt Penedès;080919;196;26,69;7533
Ger;Cerdanya;170789;1135;33,38;448
Gimenells i el Pla de la Font;Segrià;259123;258;55,84;1111
Ginestar;Ribera d'Ebre;430672;26;15,84;753
Girona;Gironès;170792;70;39,12;101852
Gironella;Berguedà;080924;469;6,78;4826
Gisclareny;Berguedà;080930;1340;36,47;25
Godall;Montsià;430688;168;33,62;575
Golmés;Pla d'Urgell;250997;275;16,62;1840
Gombrèn;Ripollès;170806;919;43,26;188
Gósol;Berguedà;251001;1423;56,29;206
Granada, la;Alt Penedès;080945;272;6,52;2157
Granadella, la;Garrigues;251018;528;88,70;712
Granera;Moianès;080958;782;23,73;69
Granja d'Escarp, la;Segrià;251023;78;38,51;936
Granollers;Vallès Oriental;080961;145;14,87;61275
Granyanella;Segarra;251039;508;24,35;148
Granyena de les Garrigues;Garrigues;251057;366;20,47;132
Granyena de Segarra;Segarra;251044;636;16,30;142
Gratallops;Priorat;430691;321;13,52;229
Gualba;Vallès Oriental;080977;177;23,29;1500
Gualta;Baix Empordà;170813;15;9,02;397
Guardiola de Berguedà;Berguedà;080996;720;61,73;908
Guiamets, els;Priorat;430705;226;12,14;270
Guils de Cerdanya;Cerdanya;170828;1385;22,02;537
Guimerà;Urgell;251095;555;25,76;265
Guingueta d'Àneu, la;Pallars Sobirà;259031;919;108,42;297
Guissona;Segarra;251109;484;18,10;7136
Guixers;Solsonès;251116;840;66,44;134
Gurb;Osona;081000;516;51,57;2681
Horta de Sant Joan;Terra Alta;430712;542;118,99;1149
Hospitalet de Llobregat, l';Barcelonès;081017;8;12,40;264923
Hostalets de Pierola, els;Anoia;081629;361;33,49;2973
Hostalric;Selva;170834;189;3,39;4221
Igualada;Anoia;081022;313;8,11;39967
Isona i Conca Dellà;Pallars Jussà;251155;659;139,37;1019
Isòvol;Cerdanya;170849;1088;10,81;281
Ivars d'Urgell;Pla d'Urgell;251137;265;24,32;1531
Ivars de Noguera;Noguera;251121;314;27,14;334
Ivorra;Segarra;251142;567;15,36;104
Jafre;Baix Empordà;170852;44;6,64;380
Jonquera, la;Alt Empordà;170865;110;56,93;3290
Jorba;Anoia;081038;380;30,90;835
Josa i Tuixén;Alt Urgell;259101;1206;68,16;106
Juià;Gironès;170871;94;8,36;323
Juncosa;Garrigues;251180;575;76,49;386
Juneda;Garrigues;251193;264;47,33;3475
Les;Val d'Aran;251214;634;23,45;946
Linyola;Pla d'Urgell;251229;248;28,66;2700
Llacuna, la;Anoia;081043;615;52,23;870
Lladó;Alt Empordà;170887;197;13,50;818
Lladorre;Pallars Sobirà;251235;1052;146,98;230
Lladurs;Solsonès;251240;834;128,03;176
Llagosta, la;Vallès Oriental;081056;45;3,03;13480
Llagostera;Gironès;170890;160;76,38;8453
Llambilles;Gironès;170904;143;14,58;696
Llanars;Ripollès;170911;983;24,73;505
Llançà;Alt Empordà;170926;4;27,98;4836
Llardecans;Segrià;251253;397;66,04;451
Llavorsí;Pallars Sobirà;251266;811;68,51;352
Lleida;Segrià;251207;155;212,30;138956
Llers;Alt Empordà;170932;142;21,28;1239
Lles de Cerdanya;Cerdanya;251272;1471;102,79;253
Lliçà d'Amunt;Vallès Oriental;081075;145;22,33;15256
Lliçà de Vall;Vallès Oriental;081081;125;10,83;6542
Llimiana;Pallars Jussà;251288;790;41,68;145
Llinars del Vallès;Vallès Oriental;081069;198;27,63;9938
Llívia;Cerdanya;170947;1224;12,93;1417
Lloar, el;Priorat;430727;219;6,64;107
Llobera;Solsonès;251291;855;39,23;188
Llorac;Conca de Barberà;430733;648;23,33;100
Llorenç del Penedès;Baix Penedès;430748;162;4,61;2393
Lloret de Mar;Selva;170950;5;48,71;38373
Llosses, les;Ripollès;170963;895;114,02;218
Lluçà;Osona;081094;745;52,98;273
Maçanet de Cabrenys;Alt Empordà;171024;370;67,91;688
Maçanet de la Selva;Selva;171030;100;45,58;7006
Madremanya;Gironès;170979;177;13,72;283
Maià de Montcal;Garrotxa;170985;241;17,29;449
Maials;Segrià;251333;395;57,08;920
Maldà;Urgell;251305;428;31,36;220
Malgrat de Mar;Maresme;081108;4;8,82;18579
Malla;Osona;081115;580;11,01;273
Manlleu;Osona;081120;461;17,23;20573
Manresa;Bages;081136;238;41,65;77714
Marçà;Priorat;430764;315;16,06;594
Margalef;Priorat;430751;379;34,66;97
Marganell;Bages;082423;291;13,53;266
Martorell;Baix Llobregat;081141;56;12,76;28189
Martorelles;Vallès Oriental;081154;96;3,61;4801
Mas de Barberans;Montsià;430770;348;78,80;578
Masarac;Alt Empordà;171002;85;12,55;288
Masdenverge;Montsià;430786;54;14,61;1070
Masies de Roda, les;Osona;081167;468;16,41;700
Masies de Voltregà, les;Osona;081173;533;22,35;3141
Masllorenç;Baix Penedès;430799;304;6,55;504
Masnou, el;Maresme;081189;27;3,39;23515
Masó, la;Alt Camp;430803;115;3,57;276
Maspujols;Baix Camp;430810;214;3,66;827
Masquefa;Anoia;081192;257;17,06;9211
Masroig, el;Priorat;430825;192;15,51;497
Massalcoreig;Segrià;251312;94;14,14;598
Massanes;Selva;171019;164;26,07;761
Massoteres;Segarra;251327;502;26,11;218
Matadepera;Vallès Occidental;081206;423;25,36;9326
Mataró;Maresme;081213;28;22,53;128265
Mediona;Alt Penedès;081228;430;47,55;2322
Menàrguens;Noguera;251348;205;20,25;806
Meranges;Cerdanya;170998;1539;37,34;104
Mieres;Garrotxa;171058;286;26,29;318
Milà, el;Alt Camp;430831;166;4,13;178
Miralcamp;Pla d'Urgell;251351;287;14,87;1351
Miravet;Ribera d'Ebre;430846;43;32,33;691
Moià;Moianès;081385;717;75,31;6267
Molar, el;Priorat;430859;228;22,81;297
Molins de Rei;Baix Llobregat;081234;37;15,94;25868
Mollerussa;Pla d'Urgell;251370;250;7,08;14683
Mollet de Peralada;Alt Empordà;171061;59;6,04;189
Mollet del Vallès;Vallès Oriental;081249;65;10,77;51318
Molló;Ripollès;171077;1182;43,09;337
Molsosa, la;Solsonès;251364;667;26,89;107
Monistrol de Calders;Moianès;081287;447;21,97;682
Monistrol de Montserrat;Bages;081271;161;11,77;3034
Montagut i Oix;Garrotxa;171096;276;93,70;916
Montblanc;Conca de Barberà;430862;350;91,07;7364
Montbrió del Camp;Baix Camp;430884;132;10,70;2890
Montcada i Reixac;Vallès Occidental;081252;36;23,47;36239
Montclar;Berguedà;081304;728;21,89;136
Montellà i Martinet;Cerdanya;251399;967;54,95;579
Montesquiu;Osona;081311;577;4,94;998
Montferrer i Castellbò;Alt Urgell;251403;732;176,66;1041
Montferri;Alt Camp;430897;229;19,15;387
Montgai;Noguera;251386;286;28,94;625
Montgat;Maresme;081265;20;2,91;12041
Montmajor;Berguedà;081326;756;76,49;464
Montmaneu;Anoia;081332;709;13,62;150
Montmell, el;Baix Penedès;430901;429;72,80;1512
Montmeló;Vallès Oriental;081350;72;4,00;8755
Montoliu de Lleida;Segrià;251425;166;7,34;489
Montoliu de Segarra;Segarra;251410;689;29,47;179
Montornès de Segarra;Segarra;251431;605;12,32;100
Montornès del Vallès;Vallès Oriental;081363;116;10,23;16393
Mont-ral;Alt Camp;430918;888;34,72;162
Mont-ras;Baix Empordà;171100;88;12,31;1679
Mont-roig del Camp;Baix Camp;430923;120;63,32;12136
Montseny;Vallès Oriental;081379;528;26,77;342
Móra d'Ebre;Ribera d'Ebre;430939;38;45,12;5690
Móra la Nova;Ribera d'Ebre;430944;31;15,93;3087
Morell, el;Tarragonès;430957;104;5,94;3704
Morera de Montsant, la;Priorat;430960;743;52,88;152
Muntanyola;Osona;081290;807;40,30;634
Mura;Bages;081398;454;47,79;224
Nalec;Urgell;251459;487;9,25;87
Naut Aran;Val d'Aran;250254;1267;255,75;1803
Navarcles;Bages;081402;269;5,52;5977
Navàs;Bages;081419;370;80,62;6020
Navata;Alt Empordà;171117;145;18,48;1381
Navès;Solsonès;251462;610;145,27;280
Nou de Berguedà, la;Berguedà;081424;876;25,01;161
Nou de Gaià, la;Tarragonès;430976;93;4,32;603
Nulles;Alt Camp;430982;231;10,61;492
Odèn;Solsonès;251484;1130;114,38;249
Òdena;Anoia;081430;421;52,66;3643
Ogassa;Ripollès;171122;951;45,22;234
Olèrdola;Alt Penedès;081458;189;30,15;3692
Olesa de Bonesvalls;Alt Penedès;081461;265;30,79;1810
Olesa de Montserrat;Baix Llobregat;081477;124;16,63;23904
Oliana;Alt Urgell;251497;469;32,37;1810
Oliola;Noguera;251500;452;86,28;197
Olius;Solsonès;251517;742;54,84;986
Olivella;Garraf;081483;211;38,75;3799
Olost;Osona;081496;572;29,37;1198
Olot;Garrotxa;171143;443;29,03;35228
Oluges, les;Segarra;251522;528;18,95;167
Olvan;Berguedà;081445;553;35,58;854
Omellons, els;Garrigues;251538;385;11,06;211
Omells de na Gaia, els;Urgell;251543;560;13,48;131
Ordis;Alt Empordà;171156;98;8,55;371
Organyà;Alt Urgell;251556;558;12,53;784
Orís;Osona;081509;576;27,17;315
Oristà;Osona;081516;468;68,49;541
Orpí;Anoia;081521;375;15,23;147
Òrrius;Maresme;081537;259;5,66;739
Os de Balaguer;Noguera;251569;463;135,96;994
Osor;Selva;171169;340;52,07;428
Ossó de Sió;Urgell;251575;391;26,29;204
Pacs del Penedès;Alt Penedès;081542;201;6,27;922
Palafolls;Maresme;081555;16;16,56;9405
Palafrugell;Baix Empordà;171175;64;26,88;22974
Palamós;Baix Empordà;171181;12;13,98;17910
Palau d'Anglesola, el;Pla d'Urgell;251581;250;12,27;2166
Palau de Santa Eulàlia;Alt Empordà;171194;86;8,44;91
Palau-sator;Baix Empordà;171215;20;12,39;310
Palau-saverdera;Alt Empordà;171208;78;16,45;1476
Palau-solità i Plegamans;Vallès Occidental;081568;130;14,93;14771
Pallaresos, els;Tarragonès;431009;120;5,13;4777
Pallejà;Baix Llobregat;081574;41;8,30;11508
Palma d'Ebre, la;Ribera d'Ebre;430995;335;37,92;340
Palma de Cervelló, la;Baix Llobregat;089058;100;5,46;2954
Palol de Revardit;Pla de l'Estany;171236;152;17,98;455
Pals;Baix Empordà;171241;55;25,83;2411
Papiol, el;Baix Llobregat;081580;135;8,95;4145
Pardines;Ripollès;171254;1226;31,05;162
Parets del Vallès;Vallès Oriental;081593;98;9,12;19082
Parlavà;Baix Empordà;171267;40;6,18;394
Passanant i Belltall;Conca de Barberà;431016;714;27,35;163
Pau;Alt Empordà;171289;33;10,70;560
Paüls;Baix Ebre;431021;378;43,83;556
Pedret i Marzà;Alt Empordà;171292;22;8,65;198
Penelles;Noguera;251641;276;25,51;452
Pera, la;Baix Empordà;171306;93;11,54;446
Perafita;Osona;081607;754;19,59;395
Perafort;Tarragonès;431037;125;9,54;1261
Peralada;Alt Empordà;171328;32;43,61;1850
Peramola;Alt Urgell;251654;566;56,17;347
Perelló, el;Baix Ebre;431042;142;100,67;2770
Piera;Anoia;081614;324;57,20;15603
Piles, les;Conca de Barberà;431055;676;22,39;212
Pineda de Mar;Maresme;081635;10;10,74;27272
Pinell de Brai, el;Terra Alta;431068;189;56,99;1017
Pinell de Solsonès;Solsonès;251667;800;91,11;200
Pinós;Solsonès;251673;823;104,32;287
Pira;Conca de Barberà;431074;385;8,01;493
Pla de Santa Maria, el;Alt Camp;431080;381;34,99;2327
Pla del Penedès, el;Alt Penedès;081640;216;9,57;1256
Planes d'Hostoles, les;Garrotxa;171334;370;37,50;1683
Planoles;Ripollès;171349;1136;18,75;288
Plans de Sió, els;Segarra;259118;412;55,89;506
Poal, el;Pla d'Urgell;251689;216;8,88;648
Pobla de Cérvoles, la;Garrigues;251692;663;61,92;191
Pobla de Claramunt, la;Anoia;081653;265;18,54;2193
Pobla de Lillet, la;Berguedà;081666;843;51,45;1095
Pobla de Mafumet, la;Tarragonès;431093;98;6,21;3904
Pobla de Massaluca, la;Terra Alta;431107;357;43,40;318
Pobla de Montornès, la;Tarragonès;431114;56;12,29;2839
Pobla de Segur, la;Pallars Jussà;251713;524;32,83;2984
Poboleda;Priorat;431129;343;13,95;313
Polinyà;Vallès Occidental;081672;123;8,79;8479
Pont d'Armentera, el;Alt Camp;431135;349;21,67;505
Pont de Bar, el;Alt Urgell;250306;861;42,62;157
Pont de Molins;Alt Empordà;171352;43;8,66;529
Pont de Suert, el;Alta Ribagorça;251734;838;148,14;2220
Pont de Vilomara i Rocafort, el;Bages;081825;202;27,41;3830
Pontils;Conca de Barberà;431418;551;67,56;117
Pontons;Alt Penedès;081688;584;25,94;532
Pontós;Alt Empordà;171365;94;13,66;266
Ponts;Noguera;251728;363;30,52;2601
Porqueres;Pla de l'Estany;171371;148;33,52;4621
Porrera;Priorat;431140;316;28,83;439
Port de la Selva, el;Alt Empordà;171404;12;41,62;970
Portbou;Alt Empordà;171387;28;9,22;1075
Portella, la;Segrià;251749;259;12,31;728
Pradell de la Teixeta;Priorat;431153;463;21,83;152
Prades;Baix Camp;431166;950;32,58;589
Prat de Comte;Terra Alta;431172;363;26,43;183
Prat de Llobregat, el;Baix Llobregat;081691;8;31,41;64599
Pratdip;Baix Camp;431188;245;36,27;738
Prats de Lluçanès;Osona;081712;707;13,78;2569
Prats de Rei, els;Anoia;081705;608;26,06;532
Prats i Sansor;Cerdanya;251752;1124;6,57;219
Preixana;Urgell;251765;328;21,52;385
Preixens;Noguera;251771;315;28,67;432
Premià de Dalt;Maresme;082303;142;6,57;10448
Premià de Mar;Maresme;081727;8;2,11;28119
Preses, les;Garrotxa;171390;474;9,39;1788
Prullans;Cerdanya;251790;1096;21,21;231
Puigcerdà;Cerdanya;171411;1202;18,92;9258
Puigdàlber;Alt Penedès;081748;239;0,40;526
Puiggròs;Garrigues;251804;334;9,90;276
Puigpelat;Alt Camp;431191;252;9,48;1149
Puig-reig;Berguedà;081751;455;45,75;4178
Puigverd d'Agramunt;Urgell;251811;366;17,00;255
Puigverd de Lleida;Segrià;251826;219;12,51;1355
Pujalt;Anoia;081764;770;31,43;210
Quar, la;Berguedà;081770;885;38,25;53
Quart;Gironès;171426;91;38,09;3724
Queralbs;Ripollès;170433;1236;93,47;191
Querol;Alt Camp;431205;565;72,26;507
Rabós;Alt Empordà;171432;106;45,10;178
Rajadell;Bages;081786;361;45,53;548
Rasquera;Ribera d'Ebre;431212;174;51,31;781
Regencós;Baix Empordà;171447;78;6,27;269
Rellinars;Vallès Occidental;081799;322;17,79;780
Renau;Tarragonès;431227;175;8,22;157
Reus;Baix Camp;431233;117;52,82;104373
Rialp;Pallars Sobirà;251832;725;63,30;661
Riba, la;Alt Camp;431248;263;7,99;585
Riba-roja d'Ebre;Ribera d'Ebre;431251;76;99,14;1126
Ribera d'Ondara;Segarra;259059;570;54,47;426
Ribera d'Urgellet;Alt Urgell;251850;702;106,96;935
Ribes de Freser;Ripollès;171450;912;41,87;1754
Riells i Viabrea;Selva;171463;96;26,98;4124
Riera de Gaià, la;Tarragonès;431264;28;8,76;1744
Riner;Solsonès;251863;830;47,10;263
Ripoll;Ripollès;171479;691;73,71;10686
Ripollet;Vallès Occidental;081803;79;4,33;38665
Riu de Cerdanya;Cerdanya;259139;1173;12,34;93
Riudarenes;Selva;171485;84;47,60;2182
Riudaura;Garrotxa;171498;572;23,60;478
Riudecanyes;Baix Camp;431270;195;17,10;1124
Riudecols;Baix Camp;431286;299;19,46;1180
Riudellots de la Selva;Selva;171501;98;13,12;2076
Riudoms;Baix Camp;431299;125;32,43;6594
Riumors;Alt Empordà;171518;7;6,54;258
Roca del Vallès, la;Vallès Oriental;081810;123;36,90;10650
Rocafort de Queralt;Conca de Barberà;431303;566;8,47;225
Roda de Berà;Tarragonès;431310;57;16,50;6567
Roda de Ter;Osona;081831;443;2,23;6301
Rodonyà;Alt Camp;431325;312;8,49;490
Roquetes;Baix Ebre;431331;14;136,92;7973
Roses;Alt Empordà;171523;5;45,91;19550
Rosselló;Segrià;251898;252;9,92;3145
Rourell, el;Alt Camp;431346;114;2,32;366
Rubí;Vallès Occidental;081846;123;32,30;77464
Rubió;Anoia;081859;629;48,00;239
Rupià;Baix Empordà;171539;66;5,29;272
Rupit i Pruit;Osona;089019;822;47,81;279
Sabadell;Vallès Occidental;081878;190;37,79;213644
Sagàs;Berguedà;081884;738;44,60;148
Salàs de Pallars;Pallars Jussà;251902;573;20,27;320
Saldes;Berguedà;081901;1215;66,40;274
Sales de Llierca;Garrotxa;171544;260;35,82;154
Sallent;Bages;081918;278;65,22;6658
Salomó;Tarragonès;431359;165;12,21;557
Salou;Tarragonès;439057;2;15,13;27476
Salt;Gironès;171557;83;6,64;31362
Sanaüja;Segarra;251919;409;32,99;380
Sant Adrià de Besòs;Barcelonès;081944;14;3,82;37097
Sant Agustí de Lluçanès;Osona;081957;816;13,22;85
Sant Andreu de la Barca;Baix Llobregat;081960;42;5,50;27558
Sant Andreu de Llavaneres;Maresme;081976;114;11,83;10968
Sant Andreu Salou;Gironès;171576;132;5,96;155
Sant Aniol de Finestres;Garrotxa;171833;289;47,73;341
Sant Antoni de Vilamajor;Vallès Oriental;081982;258;13,70;6135
Sant Bartomeu del Grau;Osona;081995;868;34,40;858
Sant Boi de Llobregat;Baix Llobregat;082009;30;21,47;83605
Sant Boi de Lluçanès;Osona;082016;813;19,53;541
Sant Carles de la Ràpita;Montsià;431362;11;53,72;14789
Sant Cebrià de Vallalta;Maresme;082037;71;15,68;3385
Sant Celoni;Vallès Oriental;082021;152;65,23;17904
Sant Climent de Llobregat;Baix Llobregat;082042;87;10,81;4129
Sant Climent Sescebes;Alt Empordà;171582;86;24,37;626
Sant Cugat del Vallès;Vallès Occidental;082055;124;48,23;91006
Sant Cugat Sesgarrigues;Alt Penedès;082068;266;6,24;1007
Sant Esteve de la Sarga;Pallars Jussà;251961;875;92,87;124
Sant Esteve de Palautordera;Vallès Oriental;082074;231;10,64;2820
Sant Esteve Sesrovires;Baix Llobregat;082080;183;18,56;7612
Sant Feliu de Buixalleu;Selva;171595;402;61,94;783
Sant Feliu de Codines;Vallès Oriental;082107;480;15,00;6259
Sant Feliu de Guíxols;Baix Empordà;171609;4;16,23;21925
Sant Feliu de Llobregat;Baix Llobregat;082114;25;11,82;44860
Sant Feliu de Pallerols;Garrotxa;171616;473;34,86;1371
Sant Feliu Sasserra;Bages;082129;617;22,36;602
Sant Ferriol;Garrotxa;171621;146;42,24;243
Sant Fost de Campsentelles;Vallès Oriental;082093;112;13,15;8737
Sant Fruitós de Bages;Bages;082135;247;22,20;8703
Sant Gregori;Gironès;171637;112;49,17;3817
Sant Guim de Freixenet;Segarra;251924;738;25,10;1025
Sant Guim de la Plana;Segarra;251977;556;12,45;185
Sant Hilari Sacalm;Selva;171642;803;83,28;5627
Sant Hipòlit de Voltregà;Osona;082153;536;0,92;3484
Sant Iscle de Vallalta;Maresme;081939;129;17,77;1332
Sant Jaume d'Enveja;Montsià;439023;7;60,79;3503
Sant Jaume de Frontanyà;Berguedà;082166;1072;21,26;30
Sant Jaume de Llierca;Garrotxa;171655;203;6,75;865
Sant Jaume dels Domenys;Baix Penedès;431378;213;24,45;2622
Sant Joan de les Abadesses;Ripollès;171674;773;53,67;3232
Sant Joan de Mollet;Gironès;171680;54;3,15;507
Sant Joan de Vilatorrada;Bages;082188;277;16,42;10936
Sant Joan Despí;Baix Llobregat;082172;10;6,17;34123
Sant Joan les Fonts;Garrotxa;171851;342;31,94;3006
Sant Jordi Desvalls;Gironès;171668;57;11,72;761
Sant Julià de Cerdanyola;Berguedà;089030;954;11,79;228
Sant Julià de Ramis;Gironès;171693;128;18,80;3515
Sant Julià de Vilatorta;Osona;082205;600;15,94;3114
Sant Julià del Llor i Bonmatí;Selva;179032;160;9,73;1286
Sant Just Desvern;Baix Llobregat;082212;122;7,81;17805
Sant Llorenç d'Hortons;Alt Penedès;082227;196;19,72;2413
Sant Llorenç de la Muga;Alt Empordà;171714;173;31,84;264
Sant Llorenç de Morunys;Solsonès;251930;925;4,34;949
Sant Llorenç Savall;Vallès Occidental;082233;466;41,11;2373
Sant Martí d'Albars;Osona;082251;629;14,73;112
Sant Martí de Centelles;Osona;082248;404;25,55;1167
Sant Martí de Llémena;Gironès;171729;256;43,13;633
Sant Martí de Riucorb;Urgell;259025;409;34,90;646
Sant Martí de Tous;Anoia;082264;465;39,21;1235
Sant Martí Sarroca;Alt Penedès;082270;291;35,27;3264
Sant Martí Sesgueioles;Anoia;082286;646;3,87;343
Sant Martí Vell;Gironès;171735;65;17,52;252
Sant Mateu de Bages;Bages;082299;569;102,92;603
Sant Miquel de Campmajor;Pla de l'Estany;171740;217;33,22;231
Sant Miquel de Fluvià;Alt Empordà;171753;28;3,51;764
Sant Mori;Alt Empordà;171766;51;7,53;177
Sant Pau de Segúries;Ripollès;171772;867;8,74;697
Sant Pere de Ribes;Garraf;082310;44;40,80;30719
Sant Pere de Riudebitlles;Alt Penedès;082325;246;5,38;2368
Sant Pere de Torelló;Osona;082331;621;55,13;2419
Sant Pere de Vilamajor;Vallès Oriental;082346;305;34,72;4472
Sant Pere Pescador;Alt Empordà;171788;5;18,45;2042
Sant Pere Sallavinera;Anoia;081897;588;22,02;152
Sant Pol de Mar;Maresme;082359;15;7,53;5299
Sant Quintí de Mediona;Alt Penedès;082362;326;13,84;2254
Sant Quirze de Besora;Osona;082378;587;8,10;2167
Sant Quirze del Vallès;Vallès Occidental;082384;188;14,07;20141
Sant Quirze Safaja;Moianès;082397;627;26,21;627
Sant Ramon;Segarra;251945;641;18,53;491
Sant Sadurní d'Anoia;Alt Penedès;082401;162;18,96;12887
Sant Sadurní d'Osormort;Osona;082418;531;30,60;78
Sant Salvador de Guardiola;Bages;080983;334;37,15;3179
Sant Vicenç de Castellet;Bages;082628;176;17,13;9523
Sant Vicenç de Montalt;Maresme;082649;143;8,05;6407
Sant Vicenç de Torelló;Osona;082652;555;6,56;2058
Sant Vicenç dels Horts;Baix Llobregat;082634;22;9,12;28117
Santa Bàrbara;Montsià;431384;79;28,15;3707
Santa Cecília de Voltregà;Osona;082439;519;8,63;187
Santa Coloma de Cervelló;Baix Llobregat;082444;73;7,49;8218
Santa Coloma de Farners;Selva;171805;142;70,64;13143
Santa Coloma de Gramenet;Barcelonès;082457;56;7,00;119215
Santa Coloma de Queralt;Conca de Barberà;431397;674;33,85;2673
Santa Cristina d'Aro;Baix Empordà;171812;30;67,55;5223
Santa Eugènia de Berga;Osona;082460;538;7,01;2248
Santa Eulàlia de Riuprimer;Osona;082476;568;13,82;1345
Santa Eulàlia de Ronçana;Vallès Oriental;082482;236;14,23;7288
Santa Fe del Penedès;Alt Penedès;082495;240;3,40;374
Santa Llogaia d'Àlguema;Alt Empordà;171827;42;1,94;370
Santa Margarida de Montbui;Anoia;082508;316;27,59;9980
Santa Margarida i els Monjos;Alt Penedès;082515;161;17,16;7611
Santa Maria d'Oló;Moianès;082589;542;66,21;1025
Santa Maria de Besora;Osona;082536;866;24,73;150
Santa Maria de Martorelles;Vallès Oriental;082567;181;4,51;893
Santa Maria de Merlès;Berguedà;082554;532;52,08;184
Santa Maria de Miralles;Anoia;082573;543;25,04;126
Santa Maria de Palautordera;Vallès Oriental;082592;208;16,94;9423
Santa Oliva;Baix Penedès;431401;101;9,65;3320
Santa Pau;Garrotxa;171848;496;49,01;1565
Santa Perpètua de Mogoda;Vallès Occidental;082606;74;15,83;25799
Santa Susanna;Maresme;082613;10;12,63;3446
Santpedor;Bages;081923;336;16,59;7554
Sarral;Conca de Barberà;431423;467;52,39;1548
Sarrià de Ter;Gironès;171864;70;4,16;5170
Sarroca de Bellera;Pallars Jussà;252017;1002;87,51;121
Sarroca de Lleida;Segrià;252000;201;42,18;363
Saus, Camallera i Llampaies;Alt Empordà;171870;86;11,36;837
Savallà del Comtat;Conca de Barberà;431439;825;14,80;58
Secuita, la;Tarragonès;431444;169;17,77;1687
Selva de Mar, la;Alt Empordà;171886;48;7,19;196
Selva del Camp, la;Baix Camp;431457;246;35,31;5652
Senan;Conca de Barberà;431460;652;11,70;48
Sénia, la;Montsià;430445;369;108,41;5681
Senterada;Pallars Jussà;252022;729;34,45;137
Sentiu de Sió, la;Noguera;250352;281;29,62;406
Sentmenat;Vallès Occidental;082671;207;28,80;9078
Serinyà;Pla de l'Estany;171903;188;17,38;1136
Seròs;Segrià;252043;103;85,75;1922
Serra de Daró;Baix Empordà;171910;15;7,91;221
Setcases;Ripollès;171925;1265;49,12;177
Seu d'Urgell, la;Alt Urgell;252038;691;15,45;12089
Seva;Osona;082690;663;30,40;3519
Sidamon;Pla d'Urgell;252056;232;8,12;734
Sils;Selva;171931;76;29,91;6093
Sitges;Garraf;082704;10;43,85;29307
Siurana;Alt Empordà;170524;33;10,53;168
Sobremunt;Osona;082711;881;13,79;79
Soleràs, el;Garrigues;252069;381;12,23;332
Solivella;Conca de Barberà;431476;489;21,37;633
Solsona;Solsonès;252075;664;17,70;9094
Sora;Osona;082726;716;31,73;209
Soriguera;Pallars Sobirà;252081;1258;106,39;410
Sort;Pallars Sobirà;252094;692;105,05;2149
Soses;Segrià;252108;118;30,16;1763
Subirats;Alt Penedès;082732;243;55,90;3044
Sudanell;Segrià;252115;152;8,69;853
Sunyer;Segrià;252120;211;12,66;352
Súria;Bages;082747;326;23,60;5942
Susqueda;Selva;171946;816;50,61;101
Tagamanent;Vallès Oriental;082763;354;43,31;323
Talamanca;Bages;082779;552;29,43;206
Talarn;Pallars Jussà;252154;572;27,95;585
Talavera;Segarra;252167;791;30,11;283
Tallada d'Empordà, la;Baix Empordà;171959;20;16,56;463
Taradell;Osona;082785;623;26,48;6489
Tarragona;Tarragonès;431482;68;57,88;134515
Tàrrega;Urgell;252173;373;88,36;17098
Tarrés;Garrigues;252189;578;13,01;106
Tarroja de Segarra;Segarra;252192;460;7,61;187
Tavèrnoles;Osona;082750;537;18,76;316
Tavertet;Osona;082802;869;32,49;111
Teià;Maresme;082819;128;6,63;6397
Térmens;Noguera;252206;208;27,54;1333
Terrades;Alt Empordà;171962;228;20,96;329
Terrassa;Vallès Occidental;082798;277;70,16;220556
Tiana;Maresme;082824;136;7,95;8840
Tírvia;Pallars Sobirà;252213;991;8,50;131
Tiurana;Noguera;252228;387;15,86;73
Tivenys;Baix Ebre;431495;13;53,54;899
Tivissa;Ribera d'Ebre;431508;309;209,43;1602
Tona;Osona;082830;596;16,54;8241
Torà;Segarra;252234;448;93,31;1255
Tordera;Maresme;082845;34;84,09;17216
Torelló;Osona;082858;508;13,48;14347
Torms, els;Garrigues;252249;476;13,75;144
Tornabous;Urgell;252252;289;24,17;858
Torre de Cabdella, la;Pallars Jussà;252271;1075;165,27;760
Torre de Claramunt, la;Anoia;082861;363;15,02;3714
Torre de Fontaubella, la;Priorat;431515;369;7,11;138
Torre de l'Espanyol, la;Ribera d'Ebre;431520;164;27,90;611
Torrebesses;Segrià;252265;287;27,45;282
Torredembarra;Tarragonès;431536;15;8,71;16184
Torrefarrera;Segrià;252287;214;23,49;4605
Torrefeta i Florejacs;Segarra;259078;475;88,91;602
Torregrossa;Pla d'Urgell;252304;232;40,52;2202
Torrelameu;Noguera;252311;201;10,93;743
Torrelavit;Alt Penedès;082877;202;23,65;1419
Torrelles de Foix;Alt Penedès;082883;367;36,72;2348
Torrelles de Llobregat;Baix Llobregat;082896;126;13,56;6041
Torrent;Baix Empordà;171978;44;7,96;175
Torres de Segre;Segrià;252326;119;50,61;2277
Torre-serona;Segrià;252332;197;5,89;397
Torroella de Fluvià;Alt Empordà;171984;9;16,85;694
Torroella de Montgrí;Baix Empordà;171997;31;65,93;11645
Torroja del Priorat;Priorat;431541;332;13,16;149
Tortellà;Garrotxa;172001;276;11,07;809
Tortosa;Baix Ebre;431554;12;218,51;33372
Toses;Ripollès;172018;1444;57,88;171
Tossa de Mar;Selva;172023;5;38,58;5683
Tremp;Pallars Jussà;252347;468;302,82;5844
Ullà;Baix Empordà;172044;21;7,29;1153
Ullastrell;Vallès Occidental;082900;342;7,31;2093
Ullastret;Baix Empordà;172057;49;11,09;290
Ulldecona;Montsià;431567;133;126,88;6300
Ulldemolins;Priorat;431573;650;38,17;396
Ultramort;Baix Empordà;172039;30;4,35;223
Urús;Cerdanya;172060;1263;17,42;189
Vacarisses;Vallès Occidental;082917;382;40,70;6688
Vajol, la;Alt Empordà;170144;546;4,71;89
Vall d'en Bas, la;Garrotxa;172076;510;90,67;3072
Vall de Bianya, la;Garrotxa;172082;367;93,62;1264
Vall de Boí, la;Alta Ribagorça;250432;1111;219,49;1021
Vall de Cardós;Pallars Sobirà;259010;898;56,20;364
Vallbona d'Anoia;Anoia;082922;289;6,45;1373
Vallbona de les Monges;Urgell;252385;481;34,14;233
Vallcebre;Berguedà;082938;1123;27,99;250
Vallclara;Conca de Barberà;431589;625;13,63;98
Vallfogona de Balaguer;Noguera;252402;235;26,97;1876
Vallfogona de Ripollès;Ripollès;171707;956;39,20;206
Vallfogona de Riucorb;Conca de Barberà;431592;573;10,94;91
Vallgorguina;Vallès Oriental;082943;222;22,13;2891
Vallirana;Baix Llobregat;082956;177;23,88;15006
Vall-llobrega;Baix Empordà;172095;49;5,45;899
Vallmoll;Alt Camp;431606;161;16,68;1756
Vallromanes;Vallès Oriental;082969;153;10,65;2579
Valls;Alt Camp;431613;215;55,28;24359
Valls d'Aguilar, les;Alt Urgell;259062;669;123,81;260
Valls de Valira, les;Alt Urgell;252398;740;171,25;791
Vandellòs i l'Hospitalet de l'Infant;Baix Camp;431628;281;102,67;6482
Vansa i Fórnols, la;Alt Urgell;259097;989;106,08;161
Veciana;Anoia;082975;564;38,90;182
Vendrell, el;Baix Penedès;431634;49;36,80;37606
Ventalló;Alt Empordà;172109;28;25,05;859
Verdú;Urgell;252424;434;35,79;919
Verges;Baix Empordà;172116;23;9,70;1171
Vespella de Gaià;Tarragonès;431649;191;18,04;410
Vic;Osona;082981;484;30,58;46214
Vidrà;Osona;172121;982;34,39;167
Vidreres;Selva;172137;93;48,05;7797
Vielha e Mijaran;Val d'Aran;252430;974;211,74;5559
Vilabella;Alt Camp;431652;254;18,19;736
Vilabertran;Alt Empordà;172142;19;2,29;979
Vilablareix;Gironès;172155;99;6,17;2897
Vilada;Berguedà;082994;757;22,34;416
Viladamat;Alt Empordà;172174;13;11,73;468
Viladasens;Gironès;172168;96;15,74;200
Viladecans;Baix Llobregat;083015;18;20,40;66611
Viladecavalls;Vallès Occidental;083008;274;20,09;7512
Vilademuls;Pla de l'Estany;172180;120;61,54;815
Viladrau;Osona;172207;821;50,73;1040
Vilafant;Alt Empordà;172214;54;8,36;5394
Vilafranca del Penedès;Alt Penedès;083054;223;19,65;39746
Vilagrassa;Urgell;252445;355;19,87;541
Vilajuïga;Alt Empordà;172235;31;13,13;1104
Vilalba dels Arcs;Terra Alta;431750;450;67,25;625
Vilalba Sasserra;Vallès Oriental;083067;200;6,05;716
Vilaller;Alta Ribagorça;252458;981;59,23;561
Vilallonga de Ter;Ripollès;172240;1067;64,20;398
Vilallonga del Camp;Tarragonès;431665;124;9,04;2389
Vilamacolum;Alt Empordà;172253;5;5,57;348
Vilamalla;Alt Empordà;172266;45;8,77;1181
Vilamaniscle;Alt Empordà;172272;169;5,46;200
Vilamòs;Val d'Aran;252477;1255;15,44;187
Vilanant;Alt Empordà;172288;98;16,87;392
Vilanova d'Escornalbou;Baix Camp;431671;226;17,16;545
Vilanova de Bellpuig;Pla d'Urgell;252483;290;13,98;1181
Vilanova de l'Aguda;Noguera;252496;409;53,68;197
Vilanova de la Barca;Segrià;252542;195;21,55;1036
Vilanova de Meià;Noguera;252509;633;105,24;389
Vilanova de Prades;Conca de Barberà;431687;893;21,51;112
Vilanova de Sau;Osona;083036;558;58,84;299
Vilanova de Segrià;Segrià;252516;255;8,51;977
Vilanova del Camí;Anoia;083020;302;10,28;12458
Vilanova del Vallès;Vallès Oriental;089024;91;15,20;5432
Vilanova i la Geltrú;Garraf;083073;22;33,99;67086
Vilaplana;Baix Camp;431690;366;23,20;574
Vila-rodona;Alt Camp;431704;259;33,11;1255
Vila-sacra;Alt Empordà;172305;16;6,03;760
Vila-sana;Pla d'Urgell;252521;249;19,10;742
Vila-seca;Tarragonès;431711;45;21,64;22187
Vilassar de Dalt;Maresme;082140;142;8,86;9043
Vilassar de Mar;Maresme;082191;10;4,00;20837
Vilaür;Alt Empordà;172229;65;5,49;157
Vilaverd;Conca de Barberà;431726;269;12,61;452
Vilella Alta, la;Priorat;431732;327;5,15;135
Vilella Baixa, la;Priorat;431747;218;5,62;202
Vilobí d'Onyar;Selva;172333;122;32,59;3291
Vilobí del Penedès;Alt Penedès;083041;286;9,34;1107
Vilopriu;Baix Empordà;172327;82;16,38;202
Vilosell, el;Garrigues;252537;665;18,88;169
Vimbodí i Poblet;Conca de Barberà;431763;496;66,09;892
Vinaixa;Garrigues;252555;479;37,59;470
Vinebre;Ribera d'Ebre;431779;34;26,44;428
Vinyols i els Arcs;Baix Camp;431785;95;10,83;2056
Viver i Serrateix;Berguedà;083089;729;66,80;168
Xerta;Baix Ebre;430521;12;32,39;1170

